total_hours,avg_quiz_score,avg_difficulty,session_count,label
19.5,94.9,3.1,13,on track
24.4,86.1,2.1,8,on track
3.1,53.7,4.7,2,at risk
3.8,44.0,3.3,5,at risk
7.5,29.7,2.8,1,at risk
21.8,77.2,2.2,15,on track
27.5,75.2,2.3,17,on track
34.7,84.2,3.1,15,on track
0.6,53.6,3.2,1,at risk
4.3,33.8,4.8,1,at risk
1.4,56.2,3.1,5,at risk
12.0,58.0,3.5,4,at risk
16.6,82.5,3.8,11,on track
1.7,49.5,3.5,1,at risk
10.2,86.2,2.1,6,on track
4.6,54.2,4.0,2,at risk
6.1,30.4,3.2,2,at risk
18.5,82.6,2.5,8,on track
5.6,54.5,3.3,1,at risk
1.7,58.6,2.7,2,at risk
15.8,83.1,3.1,16,on track
3.9,57.5,4.8,1,at risk
26.0,83.3,2.3,17,on track
32.8,82.0,3.4,8,on track
14.0,93.6,3.8,5,on track
18.4,67.8,2.2,18,on track
7.8,45.3,3.9,3,at risk
4.4,57.7,3.0,3,at risk
31.9,72.9,3.0,7,on track
25.0,79.7,2.2,10,on track
7.1,55.8,3.4,2,at risk
4.0,55.6,2.7,5,at risk
7.5,72.0,3.0,3,at risk
32.1,87.5,3.5,10,on track
26.2,81.3,2.4,14,on track
3.5,41.8,4.7,1,at risk
5.5,42.0,3.0,2,at risk
12.2,77.7,2.1,8,on track
13.5,68.1,3.5,13,on track
23.4,94.2,2.8,13,on track
29.3,94.6,3.7,18,on track
14.1,75.7,3.3,16,on track
10.8,74.5,2.5,8,on track
4.0,80.0,2.5,2,at risk
5.9,32.1,4.1,3,at risk
26.4,76.9,3.8,12,on track
1.3,58.1,4.2,2,at risk
3.8,59.4,2.8,5,at risk
6.1,44.3,3.6,1,at risk
1.7,25.1,3.5,4,at risk
18.1,88.0,2.1,18,on track
18.0,55.0,3.0,8,at risk
1.8,57.4,4.5,4,at risk
17.3,83.9,3.8,10,on track
17.0,79.6,3.1,16,on track
7.8,57.4,4.6,2,at risk
3.7,39.8,3.7,1,at risk
12.8,78.0,2.9,16,on track
22.0,78.0,3.5,9,on track
12.5,73.3,3.3,10,on track
32.5,78.5,2.5,6,on track
0.9,45.4,3.8,5,at risk
31.5,65.3,3.4,15,on track
2.6,49.4,4.3,5,at risk
3.0,29.6,4.9,2,at risk
0.8,45.9,3.4,3,at risk
14.0,85.4,3.2,11,on track
32.0,89.9,2.6,5,on track
4.5,42.7,2.8,3,at risk
9.0,68.0,3.0,6,on track
7.8,53.4,4.7,1,at risk
3.2,44.6,4.7,5,at risk
13.6,69.2,3.5,13,on track
33.4,82.1,2.9,17,on track
1.9,40.7,3.6,3,at risk
11.0,70.0,2.5,5,on track
23.4,72.3,2.9,9,on track
3.9,59.9,5.0,1,at risk
16.0,82.0,2.2,16,on track
5.6,59.4,2.7,4,at risk
33.2,87.7,3.4,16,on track
6.0,53.0,2.8,2,at risk
13.1,84.8,3.9,7,on track
1.0,27.4,4.7,4,at risk
22.1,67.1,3.5,17,on track
33.4,84.4,3.2,7,on track
3.7,26.5,3.4,1,at risk
16.6,91.2,2.8,8,on track
1.2,39.8,3.2,1,at risk
17.8,94.9,3.3,12,on track
7.8,34.8,4.1,4,at risk
18.6,72.9,2.1,12,on track
14.0,62.0,3.5,7,on track
32.6,90.8,2.1,8,on track
12.3,66.4,2.2,15,on track
7.2,32.4,3.1,1,at risk
1.4,59.0,2.9,3,at risk
0.7,31.8,3.3,1,at risk
6.9,32.8,4.5,4,at risk
6.1,57.4,3.1,2,at risk
2.3,38.9,4.2,3,at risk
0.8,27.9,4.1,5,at risk
26.0,65.8,2.6,8,on track
1.2,47.8,3.9,1,at risk
6.5,55.2,4.5,3,at risk
17.0,91.1,3.5,7,on track
22.7,68.2,3.3,18,on track
19.0,94.9,2.3,12,on track
